Id,Nombre,Direccion,HorasTrabajadas,Sueldo
1,Adrian,Hagan,186,40300
2,Mile,Colorado,180,38200
3,Mae,Meadow Ridge,163,32250
6,Maggy,Straubel,200,45200
9,Brittney,Anderson,177,37150
12,Hill,Spenser,209,48350
16,Allie,Melby,203,46250
17,Virginie,Claremont,173,35750
18,Swen,Manitowish,221,52550
19,Dun,Sycamore,235,57450
20,Cesare,Canary,204,46600
21,Malvina,Columbus,201,45550
24,Palm,Waubesa,225,53950
25,Jeremias,Riverside,203,46250
26,Halimeda,Derek,181,38550
27,Ive,Old Gate,211,49050
28,Alexandra,Sherman,180,38200
32,Findlay,8th,218,51500
34,Burr,Bay,206,47300
35,Aubrie,Miller,202,45900
37,Ned,Rowland,165,32950
40,Cindie,Mallory,168,34000
42,Josepha,Stuart,196,43800
43,Jeremiah,Bobwhite,169,34350
44,Homere,Talisman,162,31900
46,Isidoro,Oak Valley,224,53600
51,Sterling,Londonderry,197,44150
53,Harv,Randy,216,50800
55,Durant,Beilfuss,171,35050
56,Eugen,Buell,164,32600
58,Danny,Kingsford,218,51500
59,Cecilla,Muir,229,55350
60,Hillery,Lakewood Gardens,171,35050
62,Alidia,Bultman,229,55350
63,Corbie,Ridgeview,201,45550
64,Elsa,Gerald,193,42750
66,Hortense,Ryan,173,35750
69,Danni,Clarendon,209,48350
70,Robbi,Northwestern,228,55000
72,Theresa,Maywood,233,56750
73,Rolando,Porter,203,46250
74,Siffre,Toban,215,50450
75,Marga,Anzinger,213,49750
76,Yul,Valley Edge,172,35400
77,Brandi,Lyons,192,42400
80,Mervin,Coolidge,183,39250
81,Gertie,Boyd,180,38200
83,Merrilee,Gateway,170,34700
84,Emilie,1st,170,34700
85,West,Butternut,165,32950
86,Barrie,Blackbird,194,43100
89,Filberto,Talmadge,198,44500
90,Seth,Shelley,235,57450
92,Charmain,1st,199,44850
93,Addison,Dennis,181,38550
94,Sterling,Upham,237,58150
96,Rozanne,Moose,238,58500
97,Valentine,Kipling,174,36100
101,Stepha,Sundown,172,35400
103,Millie,Welch,220,52200
105,Sasha,Crownhardt,176,36800
107,Horacio,Claremont,179,37850
111,Rockwell,Prairie Rose,221,52550
113,Addison,Kropf,197,44150
114,Hana,Nevada,208,48000
117,Lucine,Stuart,226,54300
118,Olga,1st,215,50450
122,Angie,Fisk,224,53600
124,Shelia,Anniversary,206,47300
128,Marlie,Center,189,41350
130,Callida,Village,190,41700
131,Bord,Harper,204,46600
132,Leonerd,Mayer,164,32600
133,Georgine,David,193,42750
135,Twila,Scofield,205,46950
137,Rhonda,Summit,193,42750
138,Giacomo,Armistice,211,49050
139,Abba,Oak,194,43100
140,Jeramie,3rd,189,41350
142,Aile,Oakridge,162,31900
143,Morry,Butterfield,213,49750
144,Donovan,Spohn,168,34000
145,Hiram,Welch,219,51850
147,Adara,Rusk,218,51500
149,Hilde,Summerview,168,34000
151,Arlie,Forest Run,167,33650
152,Fonsie,Darwin,179,37850
157,Joey,Trailsway,182,38900
160,Nicki,Longview,183,39250
164,Shelly,Carberry,215,50450
165,Marlow,Debra,181,38550
172,Cathe,Jana,185,39950
175,Renaldo,Kenwood,169,34350
181,Rosamond,Browning,187,40650
183,Glen,Morningstar,176,36800
187,Claribel,Fair Oaks,203,46250
190,Culley,Bowman,196,43800
191,Haley,Shasta,222,52900
192,Fabe,Glacier Hill,211,49050
193,Morton,Maryland,187,40650
194,Gerry,Hallows,211,49050
195,Andrew,Elka,203,46250
196,Franzen,Jackson,216,50800
198,Corabella,Claremont,225,53950
199,Kalinda,Hanover,182,38900
203,Florenza,Loomis,200,45200
204,Aloise,Kings,171,35050
205,Cyrus,Havey,193,42750
206,Latrena,Green,178,37500
207,Teodor,Dawn,231,56050
209,Wynn,Corben,173,35750
210,Prentice,Reindahl,185,39950
212,Cirillo,Monument,213,49750
214,Elmira,Dottie,170,34700
215,Pennie,3rd,235,57450
219,Ariela,Darwin,161,31550
221,Brien,Ridgeview,219,51850
224,Bari,Raven,199,44850
225,Ingar,Waubesa,230,55700
226,Javier,Reindahl,170,34700
227,Corbett,Lillian,240,59200
229,Waylan,Vermont,216,50800
230,Vanny,Riverside,173,35750
231,Darcie,Wayridge,209,48350
233,Madelena,Pennsylvania,208,48000
235,Danice,Towne,185,39950
237,Lacy,Debra,207,47650
240,Nannette,Surrey,175,36450
243,Celinka,Menomonie,234,57100
246,Moore,Westerfield,210,48700
250,Georgy,Lyons,195,43450
251,Harley,Packers,190,41700
252,Hazel,Moland,183,39250
253,Cyrus,Rusk,208,48000
254,Angelico,Melvin,237,58150
255,Maryjane,Oxford,212,49400
256,Willy,Hudson,165,32950
261,Florinda,Washington,175,36450
262,Clyde,Ohio,164,32600
263,Danika,Fisk,203,46250
265,Kendal,Doe Crossing,177,37150
267,Angelia,Debra,229,55350
268,Merwyn,Truax,194,43100
272,Kylynn,Florence,200,45200
278,Viva,Mayer,207,47650
280,Anthe,Delladonna,203,46250
281,Hasty,Waywood,220,52200
283,Kaitlyn,Rowland,232,56400
284,Mickey,Muir,194,43100
285,Linea,Farragut,225,53950
287,Kristofor,Sachs,165,32950
289,Herc,Rusk,202,45900
296,Edik,Steensland,185,39950
298,Cirstoforo,Dunning,238,58500
300,Krissie,Veith,235,57450
303,Nikkie,La Follette,238,58500
307,Bernardine,Forest Run,213,49750
308,Iosep,Sheridan,240,59200
310,Eadie,Gerald,193,42750
312,Floyd,Corben,175,36450
314,Georg,Mallard,221,52550
317,Willard,Westport,240,59200
318,Goober,Huxley,161,31550
326,Johanna,Oak,213,49750
328,Kin,Waubesa,205,46950
329,Donnamarie,Reindahl,198,44500
330,Byram,Maywood,166,33300
331,Zerk,Grover,215,50450
333,Marcille,Dawn,226,54300
335,Christophorus,Holmberg,181,38550
337,Odelle,Linden,212,49400
339,Irvin,Waubesa,192,42400
341,Robin,Marcy,195,43450
342,Odette,Bunting,196,43800
343,Melita,Dunning,213,49750
345,Marti,Bluestem,222,52900
348,Sabina,Donald,236,57800
350,Nevins,Hoffman,229,55350
351,Sid,Valley Edge,187,40650
357,Onfroi,Troy,189,41350
358,Mari,Oriole,230,55700
359,Danielle,Oakridge,164,32600
361,Lazarus,Dapin,210,48700
366,Clarey,Pankratz,163,32250
367,Flemming,Village,175,36450
374,Valli,Tomscot,214,50100
375,Aymer,Homewood,193,42750
376,Washington,Ridgeview,207,47650
377,Buckie,Hollow Ridge,206,47300
378,Verna,Green Ridge,172,35400
383,Dory,Anhalt,213,49750
385,Peyton,Reindahl,229,55350
386,Maddy,Sloan,227,54650
388,Osbourne,Messerschmidt,209,48350
389,Debbie,Hintze,180,38200
391,Selene,Truax,216,50800
395,Gabriella,Carioca,221,52550
397,Kally,Paget,226,54300
398,Ramsey,Melody,225,53950
399,Alvera,Schiller,165,32950
400,Brandise,Graedel,182,38900
401,Roby,Troy,200,45200
402,Brnaby,Arkansas,209,48350
409,Elsinore,Cody,162,31900
412,Germana,Judy,195,43450
413,Juditha,Eastlawn,230,55700
414,Ladonna,Bunting,174,36100
415,Hewett,American Ash,187,40650
417,Jacynth,Ryan,240,59200
419,Sephira,Meadow Valley,221,52550
420,Hamnet,Scofield,230,55700
421,Roxana,Loftsgordon,189,41350
423,Spencer,Monument,238,58500
426,Alfy,Canary,200,45200
427,Kirsti,Valley Edge,224,53600
429,Damita,Elgar,195,43450
433,Sal,Maywood,197,44150
435,Mordecai,Loftsgordon,162,31900
438,Kev,Autumn Leaf,194,43100
439,Shelley,Menomonie,186,40300
440,Mair,Nova,240,59200
447,Amelina,Marquette,177,37150
449,Eugene,5th,163,32250
455,Emma,Northport,219,51850
457,Ira,Lerdahl,231,56050
458,Thekla,Ridgeway,166,33300
463,Tiebout,Mariners Cove,185,39950
465,Kelwin,Southridge,181,38550
470,Matty,Old Shore,226,54300
474,Mart,Dahle,171,35050
475,Jeno,Goodland,238,58500
477,Lurline,Meadow Ridge,176,36800
478,Valerye,Waxwing,188,41000
480,Hort,Corscot,219,51850
482,Nataline,Bultman,186,40300
483,Hugo,Ruskin,193,42750
486,Georgia,Lotheville,169,34350
487,Janella,Crest Line,196,43800
488,Marchall,Banding,162,31900
492,Minda,Hoard,232,56400
493,Holli,Rusk,200,45200
496,Iggie,Westridge,232,56400
497,Noll,Roxbury,180,38200
501,Leah,Rieder,214,50100
502,Giulio,Eliot,213,49750
504,Hatty,Novick,191,42050
506,Sonnnie,Vidon,181,38550
507,Mikel,Sachs,229,55350
508,Milka,La Follette,187,40650
510,Marlie,Sage,190,41700
514,Almeda,Cherokee,165,32950
515,Ulrica,Gale,208,48000
516,Merna,Marquette,239,58850
518,Louise,Lyons,174,36100
519,Dee,Gina,238,58500
522,Sheba,Londonderry,232,56400
524,Jillayne,Kensington,167,33650
527,Rhona,Montana,198,44500
529,Kaylil,Aberg,180,38200
530,Anselm,Pine View,164,32600
531,Ronald,Butterfield,211,49050
533,Livy,Hovde,211,49050
534,Kliment,Jay,210,48700
535,Steffane,Eagle Crest,219,51850
538,Burty,Killdeer,194,43100
540,Marion,Browning,239,58850
541,Austina,Chive,233,56750
543,Prudy,Cascade,193,42750
544,Casey,Declaration,219,51850
545,Henri,Blaine,202,45900
547,Saunders,Burning Wood,211,49050
548,Gayla,Forest Run,197,44150
549,Sandro,Chive,209,48350
551,Gabriel,Stephen,235,57450
552,Bastian,Victoria,219,51850
553,Morse,Buhler,220,52200
555,Katya,Continental,195,43450
560,Stephana,Carey,239,58850
561,Randell,Lillian,220,52200
562,Vernice,Steensland,163,32250
565,Farrel,Hanover,180,38200
568,Kimmy,Bunting,193,42750
569,Tobe,Charing Cross,212,49400
570,Melba,Magdeline,170,34700
572,Aile,Ludington,195,43450
573,Larina,Eastwood,210,48700
574,Dani,Hooker,180,38200
575,Willie,Buell,240,59200
576,Gerrard,Luster,174,36100
577,Cybil,Old Shore,183,39250
578,Brit,Sauthoff,167,33650
582,Moses,Anniversary,184,39600
583,Kylynn,Derek,235,57450
584,Mame,Walton,212,49400
585,Doll,Meadow Vale,221,52550
586,Alard,Blaine,190,41700
587,Gregorius,Haas,221,52550
589,Moyra,Toban,164,32600
591,Leonidas,Hanover,192,42400
592,Maible,Debs,192,42400
594,Darell,Lawn,197,44150
595,Samuel,Leroy,222,52900
599,Henrieta,Calypso,230,55700
600,Fulton,Hollow Ridge,201,45550
602,Shayne,Fair Oaks,237,58150
603,Arin,Nobel,225,53950
605,Basilio,Everett,190,41700
608,Mufinella,Lawn,201,45550
612,Hayyim,1st,190,41700
613,Cristionna,Evergreen,210,48700
615,La verne,Schiller,169,34350
617,Alyssa,Stuart,184,39600
619,Merola,Corry,204,46600
621,Arturo,Talmadge,230,55700
622,Denny,La Follette,198,44500
623,Catriona,Mallard,237,58150
625,Raynard,Park Meadow,167,33650
626,Doralyn,Delaware,212,49400
627,Joanie,Meadow Ridge,199,44850
631,Ulrick,Birchwood,189,41350
632,Britteny,Banding,178,37500
633,Ryley,Lake View,236,57800
636,Bev,Butternut,192,42400
642,Aube,Haas,218,51500
643,Cordell,Elka,182,38900
645,Alphonso,Utah,183,39250
646,Kermy,Warbler,224,53600
647,Pooh,Blackbird,186,40300
652,Baxy,Kings,213,49750
653,Marina,Fisk,223,53250
655,Taylor,Pearson,164,32600
659,Seana,Fordem,171,35050
661,Devland,Pleasure,202,45900
662,Jillene,Pond,172,35400
665,Phyllida,Sunnyside,222,52900
667,Vitoria,Declaration,192,42400
671,Felicio,Monica,192,42400
672,Luelle,Moulton,240,59200
673,Ardelle,Killdeer,179,37850
674,Jourdan,Southridge,239,58850
675,Hersch,Hagan,219,51850
676,Olivero,Hoffman,205,46950
678,Rolland,5th,217,51150
684,Haily,Londonderry,198,44500
687,Veronika,Oakridge,171,35050
688,Romeo,Badeau,238,58500
689,Celina,Hagan,199,44850
697,Cloris,Crescent Oaks,239,58850
699,Luigi,Pierstorff,223,53250
700,Beck,Northport,178,37500
704,Rowe,Mallory,206,47300
705,Con,Weeping Birch,211,49050
708,Lionello,Rockefeller,220,52200
709,Patricia,Walton,234,57100
710,Hallsy,Melvin,222,52900
714,Morganne,Graceland,161,31550
718,Charlton,Loomis,213,49750
723,Genia,Wayridge,168,34000
724,Junia,Wayridge,216,50800
726,Jaclin,Elmside,174,36100
731,Felice,Badeau,235,57450
733,Boyce,Clarendon,183,39250
735,Jewel,Dexter,165,32950
736,Mal,Mendota,163,32250
738,Arte,Calypso,210,48700
739,Sheppard,Mariners Cove,199,44850
741,Mannie,Northview,227,54650
742,Alec,Anhalt,187,40650
743,Celka,Butternut,225,53950
745,Dorella,Sunnyside,208,48000
747,Lon,Mesta,229,55350
750,Gonzalo,Mesta,197,44150
751,Anstice,Amoth,176,36800
755,Lazaro,Oneill,197,44150
757,Daniele,Crest Line,227,54650
760,Hector,Hallows,214,50100
761,Myra,Daystar,236,57800
762,Victoria,Rockefeller,175,36450
764,Gilbertina,Esker,161,31550
765,Doralynn,Havey,224,53600
766,Harv,Farmco,171,35050
767,Othella,7th,169,34350
768,Aldous,Holy Cross,202,45900
769,Jessie,Corben,204,46600
771,Stormie,Esch,228,55000
772,Coreen,Gateway,199,44850
775,Candi,Burrows,187,40650
776,Connie,Nova,189,41350
777,Luisa,Longview,203,46250
780,Kaela,Truax,201,45550
781,Elaine,Forest Dale,230,55700
785,Danny,Vahlen,176,36800
786,Carolee,Garrison,238,58500
788,Nichols,Redwing,194,43100
789,Annabella,Manitowish,219,51850
791,Marice,Sutteridge,238,58500
792,Worthington,Dunning,229,55350
795,Tades,Morrow,198,44500
796,Marthena,Homewood,235,57450
797,Claudio,Chive,162,31900
798,Emogene,Shelley,195,43450
802,Meade,Shasta,201,45550
804,Ilene,Dixon,192,42400
807,Gloriane,Springview,200,45200
809,Claiborn,Hanover,217,51150
810,Trueman,Donald,198,44500
816,Inglis,Maywood,225,53950
819,Martainn,Norway Maple,222,52900
820,Hannah,Namekagon,201,45550
821,Hartwell,Dayton,230,55700
826,Noelyn,American,203,46250
827,Meridith,Kings,239,58850
828,Audre,Golf Course,196,43800
832,Gasper,Scott,201,45550
833,Ferne,Dennis,173,35750
835,Devora,Hudson,221,52550
838,Wilhelmina,Maywood,236,57800
840,Harvey,Burning Wood,219,51850
842,Eddi,Jay,219,51850
847,Adolf,Lyons,185,39950
849,Kassandra,Erie,174,36100
852,Nell,Towne,183,39250
854,Giuseppe,Sommers,213,49750
855,Gabbey,Butterfield,164,32600
859,Fredrika,Harbort,226,54300
860,Elisabetta,Fremont,224,53600
862,Celesta,Petterle,226,54300
864,Dayna,Stone Corner,217,51150
865,Alwyn,Burning Wood,210,48700
866,Frannie,Esker,226,54300
867,Kristyn,Merchant,215,50450
871,Alano,Algoma,198,44500
874,Hilario,Surrey,200,45200
879,Currie,Brown,219,51850
881,Franklin,Gateway,238,58500
882,Dolly,Little Fleur,200,45200
883,Jaime,Claremont,213,49750
884,Ephrayim,Rusk,207,47650
885,Sidonia,Arizona,225,53950
887,Meredithe,Manitowish,238,58500
890,Emmalynne,Pearson,226,54300
893,Claire,Dayton,173,35750
895,Lorraine,Harper,164,32600
897,Cookie,Farwell,187,40650
898,Weider,Valley Edge,184,39600
902,Zeb,Stephen,172,35400
903,Raimondo,Lakeland,180,38200
904,Reinhard,Longview,198,44500
905,Shirline,Prairieview,188,41000
906,Nonna,Pennsylvania,225,53950
911,Norrie,Burrows,218,51500
912,Annette,Declaration,211,49050
916,Kahaleel,Caliangt,201,45550
919,Calvin,Texas,197,44150
921,Melloney,Coolidge,227,54650
922,Susi,Dexter,239,58850
923,Dyana,Dwight,210,48700
924,Fernanda,Little Fleur,192,42400
926,Amitie,Sage,233,56750
929,Sula,Orin,219,51850
930,Shandie,Memorial,197,44150
931,Hamnet,Everett,231,56050
933,Sigfried,Grasskamp,163,32250
935,Temple,Miller,234,57100
942,Moselle,Service,178,37500
943,Kore,Kinsman,214,50100
944,Lowell,Blackbird,194,43100
947,Rutherford,Tennessee,161,31550
948,Hadleigh,Stang,167,33650
953,Celinka,Dayton,238,58500
954,Melly,Novick,229,55350
960,Camey,Johnson,213,49750
961,Gasper,Hagan,176,36800
962,Nataline,Donald,229,55350
963,Skip,Eliot,233,56750
965,Marv,Fuller,214,50100
971,Bette-ann,Swallow,231,56050
973,Garrick,Fulton,177,37150
976,Luella,Reindahl,166,33300
977,Skippy,Atwood,209,48350
983,Jana,Warner,202,45900
984,Bernetta,Parkside,186,40300
985,Sella,Duke,230,55700
986,Mac,6th,193,42750
987,Joan,Red Cloud,185,39950
989,Deeanne,Steensland,212,49400
990,Augustin,International,183,39250
991,Axel,Little Fleur,228,55000
994,Cory,Karstens,215,50450
996,Anya,Johnson,167,33650
997,Renee,Pine View,178,37500
1000,Whitby,Moland,191,42050
